ride_index,start_lat,start_lon,end_lat,end_lon,distance_covered,elevation_change,elevation,time_since_start,time_elapsed,pct_of_total_ride,elevation_gain,elevation_lost,avg_velocity_kmh
1,41.003367,28.641088,41.002415,28.642878,217.84524609503103,-8.900000000000006,166.5,0.0,135.0,1.6774371803263406,6.099999999999994,-11.599999999999994,5.809206562534161
1,41.002415,28.642878,41.001491,28.647192,383.5336706683357,-1.799999999999983,157.6,135.0,108.0,3.0597114919882684,9.5,-18.400000000000006,12.784455688944522
1,41.001491,28.647192,41.005262,28.650099,510.2044360577801,4.299999999999983,155.8,243.0,199.0,4.057747344732508,24.200000000000017,-20.19999999999996,9.229828994010091
1,41.005262,28.650099,41.00564,28.652465,203.61677134087813,-6.599999999999994,160.1,442.0,45.0,1.6211514602411097,3.5999999999999943,-7.600000000000051,16.28934170727025
1,41.00564,28.652465,41.011442,28.650547,840.962777383158,17.0,153.5,487.0,392.0,6.678417352904667,34.00000000000003,-63.89999999999995,7.723127547396349
1,41.011442,28.650547,41.011764,28.650379,287.06743370763843,-9.599999999999994,170.5,879.0,103.0,2.2826543432294764,8.400000000000006,-9.900000000000006,10.03342486745144
1,41.011764,28.650379,41.013012,28.645927,414.5522823751767,18.799999999999983,160.9,982.0,201.0,3.277367040560791,18.5,-5.0,7.424816997764358
1,41.013012,28.645927,41.013403,28.645955,155.63212454668246,-2.8999999999999773,179.7,1183.0,88.0,1.228592830173901,7.5,0.0,6.366768731455192
1,41.013403,28.645955,41.012114,28.644365,304.2344369030293,5.399999999999977,176.8,1271.0,122.0,2.4092967856809944,10.600000000000023,0.0,8.97740961353201
1,41.012114,28.644365,41.010647,28.643616,167.15799613793888,-2.5999999999999943,182.2,1393.0,43.0,1.3285129801436746,3.299999999999983,0.0,13.994622932478604
1,41.010647,28.643616,41.011139,28.642382,104.4822017830952,0.0,179.6,1436.0,43.0,0.8212904155266346,4.800000000000011,0.0,8.747347126026575
1,41.011139,28.642382,41.014131,28.638495,834.1555353242402,15.599999999999994,179.6,1479.0,426.0,6.612388558871669,7.699999999999989,0.0,7.04920170696541
1,41.014131,28.638495,41.011958,28.635456,578.6670837879783,-12.199999999999989,195.2,1905.0,174.0,4.613686746280464,0.0,0.0,11.97242242319955
1,41.011958,28.635456,41.013315,28.634527,165.9808176648803,3.8000000000000114,183.0,2079.0,61.0,1.299558252868914,0.0,0.0,9.795589239238838
1,41.013315,28.634527,41.011486,28.633867,328.0023081195295,-1.0,186.8,2140.0,103.0,2.602253026988016,0.0,0.0,11.464158342041808
1,41.011486,28.633867,41.006198,28.635585,584.2171743047084,-22.39999999999995,185.8,2243.0,120.0,4.571676676172154,0.0,0.0,17.526515229141253
1,41.006198,28.635585,41.003603,28.637151,332.1213729876399,-2.1999999999999886,159.2,2363.0,94.0,2.68444219378813,0.0,0.0,12.719541944207487
1,41.003603,28.637151,41.000546,28.645943,858.4993895677144,-3.3000000000000114,157.0,2457.0,225.0,6.797423169189437,0.0,0.0,13.735990233083431
1,41.000546,28.645943,41.00748,28.645884,1145.1740891858544,21.80000000000001,153.7,2682.0,523.0,9.09172815959009,0.0,0.0,7.882651474319457
1,41.00748,28.645884,41.007495,28.643896,167.95017411167828,-5.199999999999989,175.5,3205.0,58.0,1.3485509078478293,0.0,0.0,10.424493565552446
1,41.007495,28.643896,41.014088,28.638639,1471.040669704369,24.899999999999977,170.3,3263.0,700.0,11.665538644795909,0.0,0.0,7.56535201562247
1,41.014088,28.638639,41.00099,28.641846,1905.777110338904,-39.49999999999997,195.2,3963.0,458.0,15.113519989917313,0.0,0.0,14.979907417511036
1,41.00099,28.641846,41.003368,28.640972,384.247415358579,11.599999999999994,155.0,4421.0,210.0,3.0731267840845113,0.0,0.0,6.587098549004212
1,41.003368,28.640972,41.00258,28.642234,143.9074754523881,-5.0,166.6,4631.0,329.0,0.01591084508247357,0.0,0.0,1.5746714639167088
2,41.003598,28.640738,41.005181,28.639704,323.89654593902225,3.200000000000017,166.7,0.0,298.0,0.7778672821180348,18.599999999999994,-24.100000000000023,3.9128441791291277
2,41.005181,28.639704,41.005421,28.639107,38.94712974810818,0.0,169.9,298.0,20.0,0.09855939841297996,2.6000000000000227,-1.6999999999999886,7.010483354659472
2,41.005421,28.639107,41.003425,28.636056,405.21070931469296,-15.700000000000017,169.9,318.0,110.0,0.9782416073890086,16.900000000000006,-36.200000000000045,13.26144139575359
2,41.003425,28.636056,41.003003,28.628846,624.8215514959595,24.900000000000006,154.2,428.0,223.0,1.5371647864344082,24.50000000000003,-152.1,10.08680531562984
2,41.003003,28.628846,41.002891,28.625961,248.4637217677523,-2.0999999999999943,179.4,651.0,69.0,0.6035591699870084,4.599999999999998,-9.799999999999997,12.963324613969686
2,41.002891,28.625961,41.003248,28.624189,158.43602065362006,11.099999999999994,177.3,720.0,41.0,0.3799885839592509,3.3000000000000003,-2.4999999999999996,13.911455472025176
2,41.003248,28.624189,41.000157,28.620005,705.8836056808882,-3.9000000000000057,188.4,761.0,144.0,1.7307339438292404,13.6,-11.399999999999999,17.647090142022204
2,41.000157,28.620005,40.995898,28.597294,2539.1947090425865,-182.49999999999994,184.5,905.0,366.0,6.18763464445187,31.699999999999996,-35.099999999999994,24.975685662713968
2,40.995898,28.597294,41.001831,28.597394,665.387369143813,1.599999999999909,2.0,1271.0,124.0,1.629895854645708,16.9,-8.299999999999999,19.317697813852636
2,41.001831,28.597394,41.010524,28.599059,1008.4711594826385,-2.2999999999998693,3.6,1395.0,195.0,2.4627828346727076,29.0,-21.199999999999996,18.61792909814102
2,41.010524,28.599059,41.012703,28.597204,240.18116445966007,-0.8999999999999488,1.3,1590.0,49.0,0.5869929192438532,4.0000000000000036,-5.5,17.6459631031587
2,41.012703,28.597204,41.014247,28.595704,211.58536388337234,1.099999999999966,0.4,1639.0,45.0,0.5158098955313986,7.199999999999996,-3.899999999999956,16.926829110669786
2,41.014247,28.595704,41.016252,28.591399,404.81214657364126,-0.29999999999998295,1.5,1684.0,76.0,0.9872043763294817,8.5,-6.200000000000017,19.175312206119848
2,41.016252,28.591399,41.018787,28.585532,571.5325988646409,1.7999999999998977,1.2,1760.0,115.0,1.401024905291515,13.600000000000001,-14.5,17.89145526880615
2,41.018787,28.585532,41.019105,28.582439,320.9438383146671,-1.1999999999999318,3.0,1875.0,87.0,0.7748895844763919,10.599999999999994,-19.599999999999994,13.280434688882778
2,41.019105,28.582439,41.019645,28.578376,299.05335971338536,0.9999999999999432,1.8,1962.0,87.0,0.7330034946510084,10.600000000000009,-11.5,12.374621781243533
2,41.019645,28.578376,41.019612,28.577609,64.81041782017019,-0.799999999999983,2.8,2049.0,16.0,0.16277440521476433,1.0999999999999943,-2.0,14.582344009538293
2,41.019612,28.577609,41.019607,28.577186,24.593366919116306,0.0,2.0,2065.0,20.0,0.05955784305184166,0.9000000000000057,-3.1000000000000227,4.4268060454409355
2,41.019607,28.577186,41.019282,28.573106,295.07242546806447,2.2999999999998693,2.0,2085.0,91.0,0.7162612763850147,5.299999999999997,-9.099999999999994,11.67319485368167
2,41.019282,28.573106,41.018712,28.56703,498.40838404233546,-2.3999999999998636,4.3,2176.0,91.0,1.2042293852993933,7.599999999999994,-7.0,19.71725475332316
2,41.018712,28.56703,41.016448,28.562614,415.5458456985107,1.8999999999999204,1.9,2267.0,95.0,1.0320763260672394,10.900000000000006,-9.699999999999989,15.74700046857514
2,41.016448,28.562614,41.015723,28.562546,80.78792663281092,-1.4999999999999432,3.8,2362.0,21.0,0.19501334879248078,2.9000000000000057,-0.20000000000001705,13.849358851339016
2,41.015723,28.562546,41.010968,28.557614,744.6285456248934,0.5999999999999943,2.3,2383.0,159.0,1.8009420494400705,14.899999999999991,0.0,16.859514240563623
2,41.010968,28.557614,41.009745,28.555341,223.51012208171596,0.6999999999999602,2.9,2542.0,47.0,0.5488952504903891,3.700000000000003,0.0,17.11992424455697
2,41.009745,28.555341,41.009575,28.55475,37.143125264197806,0.0,3.6,2589.0,10.0,0.089793560198096,0.4000000000000057,0.0,13.371525095111211
2,41.009575,28.55475,41.008647,28.553084,140.18913866940238,-0.9999999999999432,3.6,2599.0,32.0,0.340346897143268,2.299999999999997,0.0,15.771278100307768
2,41.008647,28.553084,41.001236,28.548444,948.1282205556145,4.099999999999767,2.6,2631.0,199.0,2.327158593487086,22.09999999999998,0.0,17.152068311558857
2,41.001236,28.548444,40.999213,28.547024,257.49354427406615,-3.499999999999858,6.7,2830.0,53.0,0.6150915479093468,3.4999999999999716,0.0,17.490127535596947
2,40.999213,28.547024,40.98907,28.543889,1134.3057860071567,13.29999999999984,3.2,2883.0,234.0,2.7719754369645146,18.30000000000001,0.0,17.450858246263948
2,40.98907,28.543889,40.989374,28.543976,122.68092898854593,-5.684341886080802e-14,16.5,3117.0,68.0,0.3126544499338099,3.5,0.0,6.494872711158314
2,40.989374,28.543976,40.998802,28.547075,1096.724005619768,-13.299999999999926,16.5,3185.0,183.0,2.670520934631619,18.599999999999994,0.0,21.57489847120855
2,40.998802,28.547075,41.001186,28.548297,264.6736102563209,3.499999999999858,3.2,3368.0,58.0,0.6389926838376634,4.5,0.0,16.428017188323366
2,41.001186,28.548297,41.008616,28.552959,941.8755538306596,-4.099999999999767,6.7,3426.0,178.0,2.2932727081983373,17.400000000000006,0.0,19.049168504440306
2,41.008616,28.552959,41.009472,28.554217,131.78564389928397,0.9999999999999432,2.6,3604.0,29.0,0.340757654731208,2.5,0.0,16.359597173704216
2,41.009472,28.554217,41.009731,28.55511,38.537849517033465,0.0,3.6,3633.0,21.0,0.08906203457128659,1.8000000000000114,0.0,6.606488488634308
2,41.009731,28.55511,41.010725,28.557225,197.74772545497217,-0.6999999999999602,3.6,3654.0,44.0,0.48352888230863195,6.099999999999994,0.0,16.179359355406813
2,41.010725,28.557225,41.013315,28.561798,446.5977918276476,-0.39999999999997726,2.9,3698.0,101.0,1.0776280940570784,12.5,0.0,15.918337134450805
2,41.013315,28.561798,41.016914,28.563067,405.3518595302812,0.8999999999999488,2.5,3799.0,138.0,1.0021413992277766,9.300000000000011,0.0,10.574396335572553
2,41.016914,28.563067,41.01854,28.566397,308.35278998383,-1.4999999999999147,3.4,3937.0,64.0,0.7425169507398292,6.5,0.0,17.34484443659044
2,41.01854,28.566397,41.019195,28.572944,508.4846383953445,2.3999999999998636,1.9,4001.0,175.0,1.2408813684504323,0.0,0.0,10.460255418418516
2,41.019195,28.572944,41.019521,28.576605,291.53883354265054,-2.2999999999998693,4.3,4176.0,63.0,0.7166933728535033,0.0,0.0,16.659361916722887
2,41.019521,28.576605,41.019498,28.577465,25.98846732130187,0.0,2.0,4239.0,30.0,0.07185085319312631,0.0,0.0,3.118616078556224
2,41.019498,28.577465,41.0174,28.58519,819.6671326264077,-1.2999999999998977,2.0,4269.0,212.0,1.9964283025406366,0.0,0.0,13.918875837052207
2,41.0174,28.58519,41.017048,28.58935,292.23729820049994,0.9999999999999432,0.7,4481.0,78.0,0.7130403433175948,0.0,0.0,13.487875301561536
2,41.017048,28.58935,41.016312,28.59124,139.36910643592637,-0.4999999999999716,1.7,4559.0,40.0,0.34430203628632994,0.0,0.0,12.543219579233373
2,41.016312,28.59124,41.015019,28.59431,283.707086850598,0.29999999999998295,1.2,4599.0,73.0,0.6825782483725025,0.0,0.0,13.991034420029491
2,41.015019,28.59431,41.014358,28.595523,115.98563992317213,0.0,1.5,4672.0,26.0,0.28399787398255966,0.0,0.0,16.059550143208448
2,41.014358,28.595523,41.012836,28.597136,205.18201268289704,-1.099999999999966,1.5,4698.0,52.0,0.5072428417824698,0.0,0.0,14.20490857035441
2,41.012836,28.597136,41.010809,28.598766,247.407902098661,0.8999999999999488,0.4,4750.0,63.0,0.5985399690426463,0.0,0.0,14.137594405637772
2,41.010809,28.598766,41.009144,28.599677,156.81458939986624,-0.29999999999998295,1.3,4813.0,51.0,0.3833805272053236,0.0,0.0,11.069265134108205
2,41.009144,28.599677,41.002084,28.597418,786.2970790123873,2.599999999999852,1.0,4864.0,213.0,1.925077521834288,0.0,0.0,13.28952809598401
2,41.002084,28.597418,40.995876,28.597295,667.6675558068382,-1.599999999999909,3.6,5077.0,184.0,1.6305603374830915,0.0,0.0,13.063060874481618
2,40.995876,28.597295,40.988756,28.596506,841.5022960939459,2.0999999999998806,2.0,5261.0,216.0,2.0483861104422942,0.0,0.0,14.025038268232432
2,40.988756,28.596506,40.981659,28.599009,815.3095269373334,-2.0999999999998806,4.1,5477.0,171.0,1.9891518871493847,0.0,0.0,17.164411093417545
2,40.981659,28.599009,40.979155,28.599699,264.0891760441991,11.599999999999852,2.0,5648.0,85.0,0.6525969134364417,0.0,0.0,11.18495333834255
2,40.979155,28.599699,40.975074,28.595528,599.9774648131388,-11.599999999999739,13.6,5733.0,130.0,1.4420885417881129,0.0,0.0,16.61476056405615
2,40.975074,28.595528,40.974347,28.595276,29.007538809986727,0.0,2.0,5863.0,14.0,0.07423322664583158,0.0,0.0,7.459081408282302
2,40.974347,28.595276,40.966989,28.60362,1164.8234433592806,-0.09999999999993747,2.0,5877.0,215.0,2.8428313900512348,0.0,0.0,19.504020446946093
2,40.966989,28.60362,40.963718,28.610391,681.3037321298034,1.1999999999999318,1.9,6092.0,145.0,1.6821651932813084,0.0,0.0,16.91512714253305
2,40.963718,28.610391,40.963613,28.611035,35.13565238958836,0.0,3.1,6237.0,15.0,0.07831151206256132,0.0,0.0,8.432556573501206
2,40.963613,28.611035,40.962528,28.614095,281.80162056237896,0.0,3.1,6252.0,69.0,0.6928239830344374,0.0,0.0,14.702693246732816
2,40.962528,28.614095,40.961837,28.616187,196.00606490605787,2.3999999999998636,3.1,6321.0,71.0,0.4890593589022496,0.0,0.0,9.938335685377583
2,40.961837,28.616187,40.962557,28.614026,210.20844115579894,-2.399999999999892,5.5,6392.0,207.0,0.5005319413032383,0.0,0.0,3.6557989766225902
2,40.962557,28.614026,40.962967,28.617551,443.4981028899383,24.59999999999971,3.1,6599.0,275.0,1.082777698447725,0.0,0.0,5.80579334692283
2,40.962967,28.617551,40.963289,28.621554,341.4462554418751,-6.199999999999903,27.7,6874.0,59.0,0.8286922725612517,0.0,0.0,20.83400880662289
2,40.963289,28.621554,40.987324,28.632494,3559.6544799180556,125.69999999999945,21.5,6933.0,1415.0,8.691591253944758,0.0,0.0,9.056364754561837
2,40.987324,28.632494,40.989108,28.632074,179.10718689201894,-1.8999999999999773,147.2,8348.0,38.0,0.4261169288643264,0.0,0.0,16.968049284507057
2,40.989108,28.632074,41.014074,28.626155,2993.1934705584827,54.29999999999998,145.3,8386.0,797.0,7.317941856923485,0.0,0.0,13.520070883325642
2,41.014074,28.626155,41.018026,28.634069,1172.1547951067696,-6.299999999999983,199.6,9183.0,201.0,2.83539978454059,0.0,0.0,20.99381722579289
2,41.018026,28.634069,41.017003,28.636587,245.7272196101112,2.5999999999999943,193.3,9384.0,45.0,0.6290108758253383,0.0,0.0,19.658177568808895
2,41.017003,28.636587,41.000442,28.658225,3034.2001918376263,-68.5,195.9,9429.0,631.0,7.378405391205532,0.0,0.0,17.310809335365224
2,41.000442,28.658225,41.000312,28.654027,322.93091459569405,9.0,127.4,10060.0,85.0,0.8196729804301238,0.0,0.0,13.677074029935277
2,41.000312,28.654027,41.003195,28.641511,1433.6912708286982,28.69999999999999,136.4,10145.0,433.0,3.4992665605031372,0.0,0.0,11.91983504615084
3,40.180666,26.359989,40.180014,26.359655,149.73652566177387,-1.3999999999999995,8.2,0.0,72.0,0.5793391406608055,3.9000000000000004,-4.4999999999999805,7.486826283088694
3,40.180014,26.359655,40.168162,26.343386,2343.0763388876267,78.99999999999999,6.8,72.0,1041.0,8.799435980579057,132.59999999999997,-209.59999999999997,8.102857656095539
3,40.168162,26.343386,40.16782,26.341282,216.27265404051332,-11.200000000000003,85.8,1113.0,42.0,0.8120673513718495,8.700000000000003,-13.0,18.53765606061543
3,40.16782,26.341282,40.165976,26.335725,586.815827547036,20.0,74.6,1155.0,201.0,2.203129978889669,25.69999999999999,-33.7,10.510134224723032
3,40.165976,26.335725,40.168705,26.330348,986.0036760138937,-24.5,94.6,1356.0,241.0,3.7069637664524304,56.499999999999986,-22.700000000000003,14.728685616805052
3,40.168705,26.330348,40.170011,26.324577,778.2032808196027,28.200000000000003,70.1,1597.0,359.0,2.920353064229752,61.2,-44.79999999999998,7.803709779806601
3,40.170011,26.324577,40.171239,26.324802,184.79731196603097,-8.0,98.3,1956.0,48.0,0.6988425726551479,13.200000000000003,-9.5,13.859798397452323
3,40.171239,26.324802,40.171851,26.324378,135.84465098173132,4.1000000000000085,90.3,2004.0,33.0,0.5086884536634937,11.799999999999997,-4.899999999999999,14.819416470734327
3,40.171851,26.324378,40.172225,26.321947,233.16158590308623,-4.6000000000000085,94.4,2037.0,54.0,0.8784401175628423,7.6000000000000085,-15.600000000000001,15.544105726872415
3,40.172225,26.321947,40.173741,26.316214,1008.1459422383186,38.8,89.8,2091.0,675.0,3.792894664677594,29.0,-42.80000000000001,5.3767783586043665
3,40.173741,26.316214,40.174738,26.317324,223.73611361108124,-7.599999999999994,128.6,2766.0,455.0,0.8430435457470181,7.699999999999989,-5.900000000000006,1.7702197999997635
3,40.174738,26.317324,40.173673,26.315076,315.03296538909035,14.099999999999994,121.0,3221.0,251.0,1.1823639972507634,10.100000000000009,-8.100000000000009,4.518401097214046
3,40.173673,26.315076,40.177168,26.309911,748.8930989494038,-69.19999999999999,135.1,3472.0,142.0,2.811044253519648,19.799999999999986,-25.0,18.986022226886295
3,40.177168,26.309911,40.176885,26.308746,115.63779939677715,13.0,65.9,3614.0,378.0,0.43700978595361584,3.700000000000003,-2.6999999999999886,1.1013123752074014
3,40.176885,26.308746,40.176409,26.306558,275.11818737342855,3.8999999999999915,78.9,3992.0,151.0,1.0295443391513632,8.899999999999995,-4.6000000000000085,6.559109102942667
3,40.176409,26.306558,40.176546,26.304403,292.3173735024975,-8.200000000000003,82.8,4143.0,98.0,1.1037974018705174,7.399999999999999,0.0,10.73818923070399
3,40.176546,26.304403,40.17455,26.301355,434.7893184100849,-11.599999999999994,74.6,4241.0,131.0,1.6262597614029695,10.5,0.0,11.948408750200805
3,40.17455,26.301355,40.172433,26.299156,460.52078212313427,1.0,63.0,4372.0,208.0,1.7403794340475651,11.900000000000006,0.0,7.970551998285016
3,40.172433,26.299156,40.170875,26.299632,183.5354881762487,18.900000000000006,64.0,4580.0,225.0,0.6903816844506281,9.200000000000003,0.0,2.936567810819979
3,40.170875,26.299632,40.171332,26.293986,609.2367777982963,-22.700000000000003,82.9,4805.0,248.0,2.2895989152315104,18.599999999999994,0.0,8.843759677717204
3,40.171332,26.293986,40.172237,26.293373,115.5284145006899,3.5999999999999943,60.2,5053.0,50.0,0.4236387675510982,7.700000000000003,0.0,8.318045844049674
3,40.172237,26.293373,40.17552,26.289263,596.3354370181514,-11.399999999999999,63.8,5103.0,275.0,2.244802457238343,28.099999999999994,0.0,7.806572993692165
3,40.17552,26.289263,40.174729,26.287467,175.15624560276046,1.8000000000000043,52.4,5378.0,44.0,0.6617655427072078,5.900000000000006,0.0,14.330965549316765
3,40.174729,26.287467,40.173844,26.281866,507.68915752523026,-7.700000000000003,54.2,5422.0,155.0,1.909956296151133,15.700000000000003,0.0,11.791490110263412
3,40.173844,26.281866,40.173835,26.282065,25.345986364434793,0.0,46.5,5577.0,72.0,0.08922665409927139,0.5999999999999943,0.0,1.2672993182217398
3,40.173835,26.282065,40.172257,26.28422,519.6891433020646,10.200000000000003,46.5,5649.0,255.0,1.951914510010357,12.200000000000017,0.0,7.336787905440913
3,40.172257,26.28422,40.170997,26.282109,208.8176683923357,-5.100000000000001,56.7,5904.0,58.0,0.7875294963711834,0.0,0.0,12.961096658834629
3,40.170997,26.282109,40.159619,26.272637,1627.9002198319613,25.199999999999996,51.6,5962.0,936.0,6.124519788866726,0.0,0.0,6.26115469166139
3,40.159619,26.272637,40.159599,26.271032,137.58732784874337,-2.200000000000003,76.8,6898.0,32.0,0.5101015575123763,0.0,0.0,15.478574382983629
3,40.159599,26.271032,40.156752,26.263653,699.9171860639235,21.0,74.6,6930.0,839.0,2.6275357066960248,0.0,0.0,3.0032203454471094
3,40.156752,26.263653,40.15527,26.260258,327.57822647202374,-5.299999999999997,95.6,7769.0,143.0,1.2388929334615848,0.0,0.0,8.246724582512487
3,40.15527,26.260258,40.154316,26.259871,167.59703112918214,2.0,90.3,7912.0,72.0,0.624489097825815,0.0,0.0,8.379851556459109
3,40.154316,26.259871,40.145471,26.257445,1194.4900443840124,-61.0,92.3,7984.0,573.0,4.489591601764274,0.0,0.0,7.50464949351212
3,40.145471,26.257445,40.145855,26.254659,248.821547610376,6.300000000000001,31.3,8557.0,369.0,0.9401491685851092,0.0,0.0,2.4275272937597663
3,40.145855,26.254659,40.148726,26.246236,1165.6077482748842,-19.0,37.6,8926.0,409.0,4.377005916967186,0.0,0.0,10.25962810217502
3,40.148726,26.246236,40.1141,26.235869,4508.271005212609,130.9,18.6,9335.0,3014.0,16.940427672357345,0.0,0.0,5.3847961575200385
3,40.1141,26.235869,40.107256,26.236119,764.2164016611023,-19.0,149.5,12349.0,99.0,2.8643883962823247,0.0,0.0,27.789687333130992
3,40.107256,26.236119,40.106466,26.239131,327.63705999681406,2.5,130.5,12448.0,125.0,1.2430935633979678,0.0,0.0,9.435947327908245
3,40.106466,26.239131,40.123217,26.262105,3001.5315847170714,-43.900000000000006,133.0,12573.0,820.0,11.286071467230846,0.0,0.0,13.177455737782266
4,41.018122,28.6416,41.011106,28.65203,1596.9942884986242,-28.899999999999977,190.7,0.0,315.0,9.04191916104995,31.099999999999966,-33.79999999999998,18.251363297127135
4,41.011106,28.65203,41.01139,28.638438,2010.2741142247141,26.69999999999996,161.8,315.0,512.0,11.695996461048686,38.60000000000011,-57.99999999999997,14.134739865642521
4,41.01139,28.638438,41.009488,28.636368,596.4828440329597,-12.399999999999977,188.7,827.0,197.0,3.4229346022452347,44.50000000000006,-15.900000000000034,10.90019410415561
4,41.009488,28.636368,41.010413,28.63692,217.78411972166668,10.099999999999994,177.0,1024.0,123.0,1.3190468198303895,15.199999999999932,-19.600000000000023,6.374169357707318
4,41.010413,28.63692,41.003066,28.648138,2159.355967876664,-28.499999999999943,187.6,1147.0,865.0,12.361867788620666,55.900000000000006,-56.59999999999991,8.986915010816174
4,41.003066,28.648138,41.003113,28.64775,148.96030558492293,0.5,158.8,2012.0,926.0,0.9389926885736699,11.0,-11.600000000000051,0.5791113392070438
4,41.003113,28.64775,41.003117,28.647758,2.7259725898602483,0.09999999999999432,159.3,2938.0,15.0,0.005128460562070277,0.0,0.0,0.6542334215664596
4,41.003117,28.647758,41.003109,28.647744,37.857703155202216,0.0,159.4,2953.0,251.0,0.2322723300355775,0.0,0.0,0.5429790093973227
4,41.003109,28.647744,41.00349,28.647021,223.90182986299624,1.4000000000000057,159.4,3204.0,1098.0,1.2034371882558828,0.0,0.0,0.734104360206545
4,41.00349,28.647021,41.004724,28.635864,1546.7541678259922,-4.699999999999989,160.9,4302.0,470.0,8.915517882785565,0.0,0.0,11.847478732284197
4,41.004724,28.635864,41.009371,28.633306,845.6528361268392,27.200000000000017,152.4,4772.0,267.0,4.856209246347898,0.0,0.0,11.402060711822552
4,41.009371,28.633306,41.008578,28.649658,2086.520795465054,-31.099999999999966,187.1,5039.0,594.0,12.061246877601775,0.0,0.0,12.645580578576086
4,41.008578,28.649658,41.012042,28.64784,972.657936710948,14.900000000000006,162.0,5633.0,201.0,5.432137744678424,0.0,0.0,17.4207391649722
4,41.012042,28.64784,41.013501,28.647805,882.6306022350855,-3.299999999999983,173.8,5834.0,681.0,5.310993109747816,0.0,0.0,4.665888646176663
4,41.013501,28.647805,41.013482,28.647793,7.358064030864625,0.0,170.8,6515.0,97.0,0.03529188910170985,0.0,0.0,0.2730827887743572
4,41.013482,28.647793,41.01348,28.647805,3.6499283102293703,0.0,170.8,6612.0,10.0,0.03196354199608804,0.0,0.0,1.3139741916825733
4,41.01348,28.647805,41.013451,28.647654,58.40472498575218,0.0,170.8,6622.0,307.0,0.32607798467713106,0.0,0.0,0.6848762539045858
4,41.013451,28.647654,41.013593,28.647386,167.17177284841455,0.799999999999983,170.8,6929.0,311.0,0.9466440117456827,0.0,0.0,1.9351073384382393
4,41.013593,28.647386,41.013591,28.64733,9.265716133608294,0.0,171.6,7240.0,20.0,0.06867231452941175,0.0,0.0,1.667828904049493
4,41.013591,28.64733,41.013596,28.647433,17.63264447583788,0.0,171.6,7260.0,10.0,0.09889727217029216,0.0,0.0,6.347752011301636
4,41.013596,28.647433,41.013333,28.647236,40.466496134311456,-0.5999999999999943,171.6,7270.0,30.0,0.17020669029719693,0.0,0.0,4.855979536117375
4,41.013333,28.647236,41.013355,28.647341,41.79263942318357,0.0,171.0,7300.0,21.0,0.27570483340238283,0.0,0.0,7.164452472545755
4,41.013355,28.647341,41.01331,28.647314,34.61014443389104,0.0,171.0,7321.0,20.0,0.16935571958133838,0.0,0.0,6.229825998100387
4,41.01331,28.647314,41.013334,28.647233,35.102672002785766,0.0,171.0,7341.0,15.0,0.21902483664710135,0.0,0.0,8.424641280668585
4,41.013334,28.647233,41.013336,28.647219,27.937493285257005,0.0,171.0,7356.0,20.0,0.1775171587731483,0.0,0.0,5.028748791346261
4,41.013336,28.647219,41.013322,28.647261,17.313366050248078,0.0,171.0,7376.0,35.0,0.11904222605536284,0.0,0.0,1.7808033651683737
4,41.013322,28.647261,41.013318,28.647469,53.4426531270401,0.0,171.0,7411.0,40.0,0.31765351750345655,0.0,0.0,4.809838781433609
4,41.013318,28.647469,41.0135,28.647561,118.93270968083198,0.4000000000000057,171.0,7451.0,97.0,0.6198461500069918,0.0,0.0,4.413997472690672
4,41.0135,28.647561,41.013291,28.647476,240.89088751133204,0.1999999999999602,171.4,7548.0,1060.0,1.253153990148997,0.0,0.0,0.818119995321505
4,41.013291,28.647476,41.013358,28.647606,135.12895872772606,0.0,171.6,8608.0,35.0,0.9124876831355538,0.0,0.0,13.89897861199468
4,41.013358,28.647606,41.013356,28.647583,61.94577153483988,0.0,171.6,8643.0,30.0,0.3632369055446667,0.0,0.0,7.433492584180785
4,41.013356,28.647583,41.020752,28.639013,2578.7420904948103,28.30000000000001,171.6,8673.0,754.0,14.87651954086865,0.0,0.0,12.312296453290873
4,41.020752,28.639013,41.020792,28.63905,30.143676624218642,0.0,198.9,9427.0,81.0,0.14585129814679285,0.0,0.0,1.339718961076384
4,41.020792,28.63905,41.020739,28.639046,20.864762229379267,0.0,198.9,9508.0,15.0,0.14018672622087522,0.0,0.0,5.007542935051024
4,41.020739,28.639046,41.02031,28.63899,228.0042483189718,-0.5,198.9,9523.0,816.0,1.3522872073615437,0.0,0.0,1.0059010955248755
4,41.02031,28.63899,41.020465,28.638931,19.520035651796206,0.19999999999998863,198.4,10339.0,25.0,0.07312182997918315,0.0,0.0,2.810885133858654
4,41.020465,28.638931,41.020364,28.638905,11.94003410265941,-0.19999999999998863,198.6,10364.0,25.0,0.14068443066221045,0.0,0.0,1.7193649107829552
4,41.020364,28.638905,41.020388,28.638959,23.147451666569395,0.19999999999998863,198.4,10389.0,151.0,0.1252934100428203,0.0,0.0,0.551859774832118
4,41.020388,28.638959,41.02026,28.639033,15.545372227083135,-0.19999999999998863,198.6,10540.0,8.0,0.01313121137903202,0.0,0.0,6.9954175021874105
4,41.02026,28.639033,41.020512,28.638953,24.44268606415426,0.19999999999998863,198.4,10548.0,10.0,0.08958645574036161,0.0,0.0,8.799366983095533
5,41.020616,28.638836,41.018036,28.64103,605.6472853245823,-8.800000000000011,198.4,0.0,334.0,1.82489438735767,24.69999999999996,-33.29999999999998,6.5279348118817255
5,41.018036,28.64103,41.015957,28.645134,501.40146820026393,-9.0,190.1,334.0,131.0,1.5057515595731268,15.700000000000003,-32.599999999999994,13.778971645198093
5,41.015957,28.645134,41.01418,28.643901,211.5594193699519,7.199999999999989,181.1,465.0,91.0,0.6069968680882354,5.499999999999998,-9.499999999999972,8.36938362342667
5,41.01418,28.643901,40.99968,28.637773,2020.8872759536164,-42.39999999999998,188.5,556.0,477.0,6.068227214526938,40.599999999999994,-125.30000000000001,15.251979441159369
5,40.99968,28.637773,40.997652,28.638673,216.10416641026495,0.5,144.8,1033.0,51.0,0.6388985106570091,3.6999999999999997,-15.599999999999998,15.254411746606937
5,40.997652,28.638673,40.993704,28.638064,401.1292152588726,-4.700000000000017,145.3,1084.0,94.0,1.188404390383932,5.999999999999999,-20.80000000000001,15.362395477999376
5,40.993704,28.638064,40.992643,28.632886,424.14477294678,5.5,140.6,1178.0,118.0,1.2851917479250934,8.1,-22.200000000000003,12.940010022105152
5,40.992643,28.632886,40.991012,28.632212,194.222626813058,-9.5,146.1,1296.0,30.0,0.5344119852019977,2.0,-3.4999999999999996,23.30671521756696
5,40.991012,28.632212,40.98745,28.632358,440.84137587135774,10.900000000000006,136.6,1326.0,116.0,1.3667801956883785,9.2,-12.2,13.681284078766275
5,40.98745,28.632358,40.963326,28.621568,3584.1313944300946,-124.69999999999999,147.5,1442.0,511.0,10.697856768520918,63.900000000000006,-40.400000000000034,25.25024074353883
5,40.963326,28.621568,40.962889,28.617601,327.128537333183,5.699999999999733,22.8,1953.0,92.0,0.9959184852175578,9.700000000000003,-15.700000000000017,12.80068189564629
5,40.962889,28.617601,40.966295,28.60529,1242.2180220991213,-22.59999999999971,28.5,2045.0,256.0,3.6941455220999107,23.39999999999999,0.0,17.468690935768894
5,40.966295,28.60529,40.966508,28.604859,16.03512178904566,0.0,3.4,2301.0,8.0,0.04780660885983953,0.20000000000000284,0.0,7.2158048050705474
5,40.966508,28.604859,40.968693,28.600736,380.92825180859654,0.29999999999998295,3.4,2309.0,78.0,1.1403662562626296,4.799999999999997,0.0,17.581303929627534
5,40.968693,28.600736,40.971995,28.597144,496.75640956241295,-0.8999999999999488,3.7,2387.0,110.0,1.4952344990928468,12.100000000000009,0.0,16.257482494769878
5,40.971995,28.597144,40.97337,28.59571,214.22123054480835,4.699999999999903,2.8,2497.0,56.0,0.65230159908588,6.8999999999999915,0.0,13.771364820737679
5,40.97337,28.59571,40.974833,28.595594,159.20053746604572,-6.299999999999983,7.5,2553.0,37.0,0.4568693850553105,3.200000000000017,0.0,15.489782023723366
5,40.974833,28.595594,40.976024,28.597164,177.92436456226642,6.399999999999892,1.2,2590.0,71.0,0.5480652095573121,6.899999999999977,0.0,9.021517076396607
5,40.976024,28.597164,40.979049,28.599599,407.25563723407504,4.799999999999557,7.6,2661.0,124.0,1.2165213458056812,13.700000000000017,0.0,11.823550758408631
5,40.979049,28.599599,40.981357,28.599146,239.41620104957474,-9.199999999999932,12.4,2785.0,55.0,0.6975390723929281,4.699999999999989,0.0,15.670878614153983
5,40.981357,28.599146,40.987987,28.596547,734.6302732844633,1.6999999999999034,3.2,2840.0,221.0,2.217857086417693,21.400000000000006,0.0,11.96682798110438
5,40.987987,28.596547,40.993365,28.597678,512.9270809443606,-1.1999999999999318,4.9,3061.0,179.0,1.5328013863730166,17.69999999999999,0.0,10.315851907260884
5,40.993365,28.597678,40.994947,28.597935,157.063005725131,0.0,3.7,3240.0,65.0,0.4678294613803387,13.800000000000068,0.0,8.698874163238026
5,40.994947,28.597935,40.995325,28.597498,36.72246261233158,-2.3999999999999773,3.7,3305.0,27.0,0.10824720001683093,2.0999999999999943,0.0,4.896328348310878
5,40.995325,28.597498,41.001847,28.597423,738.4631421650956,0.9999999999999432,1.3,3332.0,202.0,2.204995612747952,14.0,0.0,13.160729266308635
5,41.001847,28.597423,41.006044,28.598675,429.53562048780077,-0.8999999999999488,2.3,3534.0,139.0,1.2879680699141474,0.0,0.0,11.124663552202033
5,41.006044,28.598675,41.007054,28.600499,190.93012969212214,3.9999999999998863,1.4,3673.0,98.0,0.5782977997527349,0.0,0.0,7.013759866241221
5,41.007054,28.600499,41.008825,28.600503,220.8371399702919,-0.19999999999998863,5.4,3771.0,82.0,0.6620218169925466,0.0,0.0,9.695289071866474
5,41.008825,28.600503,41.008839,28.600177,27.736479633027557,-3.700000000000017,5.2,3853.0,12.0,0.07786596570977584,0.0,0.0,8.320943889908266
5,41.008839,28.600177,41.010635,28.598966,239.48055894347817,0.799999999999983,1.5,3865.0,232.0,0.7131757842161296,0.0,0.0,3.7160776387781094
5,41.010635,28.598966,41.011921,28.597729,171.3358197749494,-0.6999999999999602,2.3,4097.0,47.0,0.5040167769125058,0.0,0.0,13.123594706166338
5,41.011921,28.597729,41.014251,28.595346,208.55390767909012,0.4999999999999716,1.6,4144.0,111.0,0.6334935200629565,0.0,0.0,6.763910519321842
5,41.014251,28.595346,41.014828,28.594453,76.69092550435926,0.0,2.1,4255.0,55.0,0.22934874947758346,0.0,0.0,5.019769669376242
5,41.014828,28.594453,41.015146,28.593727,51.393546986311776,-0.29999999999998295,2.1,4310.0,23.0,0.15391495722291929,0.0,0.0,8.044207354379234
5,41.015146,28.593727,41.016295,28.590889,258.1717191954558,-0.09999999999999432,1.8,4333.0,84.0,0.7653655300685194,0.0,0.0,11.06450225123382
5,41.016295,28.590889,41.017538,28.590205,186.54488123114606,2.899999999999835,1.7,4417.0,83.0,0.5627948707479744,0.0,0.0,8.09110328231477
5,41.017538,28.590205,41.018901,28.584633,484.26575527229215,-1.6999999999999034,4.6,4500.0,167.0,1.4476713940221564,0.0,0.0,10.43926179030091
5,41.018901,28.584633,41.02064,28.582258,215.65147487587456,1.4999999999999432,2.9,4667.0,92.0,0.6426891597717157,0.0,0.0,8.438535973403788
5,41.02064,28.582258,41.019759,28.579702,250.41346994680862,-1.4999999999999147,4.4,4759.0,86.0,0.7501854699458975,0.0,0.0,10.48242432335478
5,41.019759,28.579702,41.019287,28.573111,487.9028173329134,2.599999999999852,2.9,4845.0,158.0,1.4563595049964222,0.0,0.0,11.11677305315499
5,41.019287,28.573111,41.019007,28.568804,316.2646869233686,-1.899999999999892,5.5,5003.0,81.0,0.9404607696012304,0.0,0.0,14.056208307705269
5,41.019007,28.568804,41.01857,28.566692,170.68814261655643,0.0,3.6,5084.0,35.0,0.4962435374023685,0.0,0.0,17.55649466913152
5,41.01857,28.566692,41.017186,28.563604,280.99042087071575,0.8999999999999488,3.6,5119.0,62.0,0.8535723009431948,0.0,0.0,16.31557282475124
5,41.017186,28.563604,41.014525,28.562465,337.90800945155206,-1.899999999999892,4.5,5181.0,85.0,1.0088313376650213,0.0,0.0,14.311398047359853
5,41.014525,28.562465,41.010021,28.556307,755.2595549185717,1.1999999999999318,2.6,5266.0,155.0,2.250324172775385,0.0,0.0,17.541512243270052
5,41.010021,28.556307,41.008777,28.553127,181.1129131826492,-1.299999999999926,3.8,5421.0,52.0,0.5263938343663472,0.0,0.0,12.53858629726033
5,41.008777,28.553127,41.001449,28.548686,897.7743173098715,4.5999999999997385,2.5,5473.0,163.0,2.7118689519617463,0.0,0.0,19.828144431383667
5,41.001449,28.548686,40.999117,28.546979,273.32002493019536,-3.3999999999998636,7.1,5636.0,49.0,0.7860505665503926,0.0,0.0,20.08065489283068
5,40.999117,28.546979,40.995462,28.545421,400.6908879040384,3.099999999999824,3.7,5685.0,70.0,1.2296313818593454,0.0,0.0,20.606959949350546
5,40.995462,28.545421,40.994708,28.545293,68.90140158754366,0.0,6.8,5755.0,16.0,0.1895160076542128,0.0,0.0,15.502815357197324
5,40.994708,28.545293,40.992456,28.544585,247.72007269100868,-0.9999999999999432,6.8,5771.0,41.0,0.7313825958873403,0.0,0.0,21.751030772869054
5,40.992456,28.544585,40.992145,28.544484,21.114754653175623,0.0,5.8,5812.0,5.0,0.06322659784796035,0.0,0.0,15.202623350286448
5,40.992145,28.544484,40.98933,28.544015,243.17596066459737,0.0,5.8,5817.0,54.0,0.74019185333967,0.0,0.0,16.211730710973157
5,40.98933,28.544015,40.989348,28.544013,65.18847662463304,0.0,5.8,5871.0,38.0,0.21490368369316565,0.0,0.0,6.175750417070499
5,40.989348,28.544013,40.990329,28.544185,43.07743554363333,0.29999999999998295,5.8,5909.0,38.0,0.12181905408231593,0.0,0.0,4.081020209396842
5,40.990329,28.544185,40.990639,28.544197,21.072413518766552,0.0,6.1,5947.0,13.0,0.06368451103078553,0.0,0.0,5.835437589812276
5,40.990639,28.544197,40.991799,28.544418,63.48768007868057,-0.29999999999998295,6.1,5960.0,41.0,0.18980347576295306,0.0,0.0,5.574528006908539
5,40.991799,28.544418,40.99258,28.544635,16.491340695371036,0.0,5.8,6001.0,27.0,0.0447269524438016,0.0,0.0,2.1988454260494716
5,40.99258,28.544635,40.994641,28.545286,215.82360083710955,0.9999999999999432,5.8,6028.0,84.0,0.656416735666932,0.0,0.0,9.249582893018982
5,40.994641,28.545286,40.995325,28.545421,60.685619870160735,0.0,6.8,6112.0,31.0,0.17087771041131947,0.0,0.0,7.047362307502537
5,40.995325,28.545421,40.998767,28.54715,397.7588644777461,-3.099999999999824,6.8,6143.0,136.0,1.1951016634372682,0.0,0.0,10.528911118528573
5,40.998767,28.54715,41.001209,28.548241,258.6842364899567,3.3999999999998067,3.7,6279.0,113.0,0.7730543453732173,0.0,0.0,8.241267711184461
5,41.001209,28.548241,41.008591,28.552923,903.3805905320369,-4.5999999999997385,7.1,6392.0,313.0,2.6953109877069483,0.0,0.0,10.3903198911033
5,41.008591,28.552923,41.009889,28.555914,267.5328897109357,1.3999999999999204,2.5,6705.0,90.0,0.8028935354858528,0.0,0.0,10.701315588437428
5,41.009889,28.555914,41.01102,28.557565,178.50857775736586,-0.5999999999999659,3.9,6795.0,52.0,0.5377895931079217,0.0,0.0,12.358286152433022
5,41.01102,28.557565,41.011997,28.559141,145.13195960492885,0.19999999999998863,3.3,6847.0,46.0,0.43023032323225746,0.0,0.0,11.358153360385735
5,41.011997,28.559141,41.013416,28.561777,270.7242966926824,-0.9999999999999432,3.5,6893.0,81.0,0.813980407764257,0.0,0.0,12.032190964119218
5,41.013416,28.561777,41.014954,28.562362,214.82209359122135,0.5999999999999659,2.5,6974.0,83.0,0.6381379476962402,0.0,0.0,9.317584782269842
5,41.014954,28.562362,41.015168,28.562279,64.66632423028204,-0.09999999999999432,3.1,7057.0,215.0,0.19657763287024388,0.0,0.0,1.0827849638558853
5,41.015168,28.562279,41.017081,28.563268,210.65587439864976,1.4999999999999147,3.0,7272.0,84.0,0.6245439333281384,0.0,0.0,9.028108902799277
5,41.017081,28.563268,41.018194,28.56496,172.81394375854143,-0.8999999999999488,4.5,7356.0,90.0,0.5194834481403658,0.0,0.0,6.912557750341658
5,41.018194,28.56496,41.019011,28.568643,165.038813895746,0.0,3.6,7446.0,80.0,0.49300342062950564,0.0,0.0,7.426746625308569
5,41.019011,28.568643,41.019286,28.572608,321.8703981315157,1.899999999999892,3.6,7526.0,78.0,0.957977860364956,0.0,0.0,14.855556836839186
5,41.019286,28.572608,41.019708,28.578926,493.2278164846357,-2.599999999999852,5.5,7604.0,99.0,1.46206449939373,0.0,0.0,17.935556963077662
5,41.019708,28.578926,41.020519,28.628955,4529.565349409517,194.59999999999894,2.9,7703.0,2087.0,13.55776294875115,0.0,0.0,7.813337449867878
5,41.020519,28.628955,41.023934,28.631833,1262.0451746213985,-14.800000000000011,197.5,9790.0,266.0,3.7624901544631726,0.0,0.0,17.080310633973813
5,41.023934,28.631833,41.023893,28.63262,62.58051195198277,6.5,182.7,10056.0,17.0,0.19860309477523408,0.0,0.0,13.252343707478705
5,41.023893,28.63262,41.020782,28.638481,894.8351273318331,9.300000000000011,189.2,10073.0,338.0,2.686865972205055,0.0,0.0,9.53078833844556
6,41.02037,28.638392,41.018219,28.641026,521.5398568787912,-8.0,198.7,0.0,177.0,2.0453521561721484,19.5,-28.00000000000003,10.607590309399143
6,41.018219,28.641026,41.017459,28.642399,197.22554930497188,1.200000000000017,190.7,177.0,59.0,0.7687671175778288,8.0,-5.099999999999994,12.034101313523708
6,41.017459,28.642399,41.0162,28.645332,274.7604185284748,-11.200000000000017,191.9,236.0,59.0,1.0820328293084542,5.299999999999983,-16.700000000000017,16.76504248648321
6,41.0162,28.645332,41.014205,28.643826,258.8045812510163,7.800000000000011,180.7,295.0,50.0,0.9903075738735327,13.399999999999991,-7.19999999999996,18.633929850073176
6,41.014205,28.643826,41.006584,28.636376,1222.1663322252225,-27.69999999999999,188.5,345.0,300.0,4.831672092313139,47.40000000000009,-63.09999999999998,14.66599598670267
6,41.006584,28.636376,41.006623,28.636329,5.928262797770003,0.0,160.8,645.0,2.0,0.024764827978044197,0.19999999999998863,-0.4000000000000057,10.670873035986006
6,41.006623,28.636329,41.011013,28.635159,558.9955800599837,18.69999999999999,160.8,647.0,231.0,2.1950249937551036,25.80000000000001,-46.40000000000006,8.71161942950624
6,41.011013,28.635159,41.011212,28.634637,38.41645013037487,0.0,179.5,878.0,12.0,0.13820905725822977,0.9000000000000057,-9.199999999999989,11.52493503911246
6,41.011212,28.634637,40.99673,28.641999,2009.2782225596256,-62.500000000000014,179.5,890.0,490.0,7.913930951951328,47.5,-158.8,14.762044084111535
6,40.99673,28.641999,41.003036,28.63577,923.2637945754359,40.10000000000001,115.8,1380.0,345.0,3.6116545250124372,64.1,-57.29999999999994,9.634056986874114
6,41.003036,28.63577,41.002905,28.636255,61.57333046698841,-2.700000000000017,155.9,1725.0,181.0,0.25678331407242416,14.399999999999991,-1.6000000000000227,1.224662926415239
6,41.002905,28.636255,41.002996,28.635918,33.08944454331504,1.5,153.2,1906.0,59.0,0.13271282940739404,9.700000000000003,0.0,2.0190169551853243
6,41.002996,28.635918,41.002894,28.636255,36.57461583665645,-1.8999999999999773,154.7,1965.0,93.0,0.1413120836206091,10.400000000000006,0.0,1.415791580773798
6,41.002894,28.636255,41.00302,28.635977,46.90979953418628,1.299999999999983,152.8,2058.0,119.0,0.1764473471788267,10.099999999999994,0.0,1.4191199859081562
6,41.00302,28.635977,41.002978,28.636214,57.63558085259683,-1.299999999999983,154.1,2177.0,82.0,0.23176494419914023,8.299999999999997,0.0,2.5303425740164465
6,41.002978,28.636214,41.00273,28.628777,687.0233284934466,25.799999999999983,152.8,2259.0,342.0,2.6956421577645924,46.30000000000001,0.0,7.231824510457333
6,41.00273,28.628777,41.003227,28.625068,351.3164189171612,-2.1999999999999886,178.6,2601.0,106.0,1.3529610182816014,14.0,0.0,11.931501019828117
6,41.003227,28.625068,41.003387,28.622096,237.47851405201436,6.199999999999989,176.4,2707.0,69.0,0.9460607713413535,9.400000000000006,0.0,12.390183341844228
6,41.003387,28.622096,41.004883,28.609508,1169.854812312832,-62.79999999999998,182.6,2776.0,225.0,4.532421426209101,23.599999999999966,0.0,18.717676997005313
6,41.004883,28.609508,41.004308,28.606424,339.55283637419234,5.0,115.6,3001.0,65.0,1.3887263194755137,7.0,0.0,18.806003245339884
6,41.004308,28.606424,41.011086,28.600847,2123.819185587954,-113.09999999999994,120.6,3066.0,285.0,8.341149472147755,12.999999999999972,0.0,26.827189712689947
6,41.011086,28.600847,41.013331,28.599337,341.1843749883792,-2.4999999999999147,7.5,3351.0,1144.0,1.3398904577994069,0.0,0.0,1.0736571240893051
6,41.013331,28.599337,41.016978,28.596634,415.7978517668762,3.6999999999997897,5.0,4495.0,129.0,1.6260591095992607,0.0,0.0,11.60366097954073
6,41.016978,28.596634,41.021154,28.589196,932.5211931227259,-4.199999999999761,8.7,4624.0,199.0,3.6632614568567394,0.0,0.0,16.869730126843283
6,41.021154,28.589196,41.022757,28.584933,377.21912837701893,1.0999999999999943,4.5,4823.0,150.0,1.4269992296965088,0.0,0.0,9.053259081048456
6,41.022757,28.584933,41.023056,28.583646,113.63467464118003,-1.5,5.6,4973.0,11.0,0.4972466658048967,0.0,0.0,37.18952988256801
6,41.023056,28.583646,41.020641,28.581444,373.5388066864871,0.09999999999999432,4.1,4984.0,85.0,1.4568350080283967,0.0,0.0,15.820467106721805
6,41.020641,28.581444,41.020047,28.578931,72.25974518641488,0.0,4.2,5069.0,36.0,0.30396340666498406,0.0,0.0,7.225974518641488
6,41.020047,28.578931,41.019739,28.572182,458.56102210388235,1.7999999999998977,4.2,5105.0,106.0,1.7828122230542598,0.0,0.0,15.573770562018645
6,41.019739,28.572182,41.019367,28.568417,283.1371092857771,-4.699999999999761,6.0,5211.0,58.0,1.1096578290922812,0.0,0.0,17.574027472910302
6,41.019367,28.568417,41.019231,28.564366,379.7844427423315,3.499999999999801,1.3,5269.0,71.0,1.4896109812736074,0.0,0.0,19.25667597003371
6,41.019231,28.564366,41.017914,28.562973,467.70856586659283,5.599999999999994,4.8,5340.0,731.0,1.844486619502743,0.0,0.0,2.3033527183580498
6,41.017914,28.562973,41.016505,28.562569,168.56001689161167,-6.999999999999972,10.4,6071.0,28.0,0.6840380841951811,0.0,0.0,21.672002171778644
6,41.016505,28.562569,41.018655,28.566475,425.2803380307578,0.19999999999998863,3.4,6099.0,80.0,1.6618110122956602,0.0,0.0,19.1376152113841
6,41.018655,28.566475,41.019071,28.568635,170.74940315149433,0.0,3.6,6179.0,32.0,0.6475282597696969,0.0,0.0,19.209307854543113
6,41.019071,28.568635,41.019269,28.572527,319.04845654508426,1.899999999999892,3.6,6211.0,64.0,1.275586323017403,0.0,0.0,17.946475680660992
6,41.019269,28.572527,41.01922,28.573056,213.54018257460848,0.0,5.5,6275.0,71.0,0.8239918578012109,0.0,0.0,10.827389538994234
6,41.01922,28.573056,41.019421,28.572812,32.65443225053241,-7.10000000000008,5.5,6346.0,17.0,0.1401840002399238,0.0,0.0,6.915056241289217
6,41.019421,28.572812,41.021686,28.573792,282.8716348727685,2.100000000000051,-1.6,6363.0,81.0,1.1138398325733287,0.0,0.0,12.572072661011934
6,41.021686,28.573792,41.021942,28.574372,92.61921218416683,2.600000000000051,0.5,6444.0,2835.0,0.38526489087149396,0.0,0.0,0.11761169801164043
6,41.021942,28.574372,41.021918,28.574344,3.699205754797731,0.0,3.1,9279.0,6.0,0.01321429662238775,0.0,0.0,2.2195234528786387
6,41.021918,28.574344,41.02218,28.57439,68.05356501924325,-2.999999999999858,3.1,9285.0,610.0,0.259482465014608,0.0,0.0,0.4016275968348782
6,41.02218,28.57439,41.020874,28.577998,356.0903185866264,2.199999999999875,0.1,9895.0,294.0,1.3858144831792607,0.0,0.0,4.360289615346446
6,41.020874,28.577998,41.021284,28.580947,355.1899655151865,2.499999999999858,2.3,10189.0,120.0,1.3984917290080707,0.0,0.0,10.655698965455594
6,41.021284,28.580947,41.02096,28.581783,56.081533067579585,-0.5999999999999659,4.8,10309.0,28.0,0.21775660408699335,0.0,0.0,7.210482822974519
6,41.02096,28.581783,41.022831,28.583049,262.48168770582924,0.29999999999998295,4.2,10337.0,113.0,1.0355694395935808,0.0,0.0,8.362248457884826
6,41.022831,28.583049,41.023363,28.582987,54.75276758790642,3.2999999999998977,4.5,10450.0,17.0,0.20530714079997048,0.0,0.0,11.59470372449783
6,41.023363,28.582987,41.024466,28.585704,271.7128725520597,-1.099999999999966,7.8,10467.0,60.0,1.079185625362055,0.0,0.0,16.302772353123583
6,41.024466,28.585704,41.020486,28.629018,3934.9001704365837,190.79999999999978,6.7,10527.0,2420.0,15.4302457848127,0.0,0.0,5.85357050147591
6,41.020486,28.629018,41.017996,28.634142,504.38472977638594,-3.5999999999999943,197.5,12947.0,101.0,1.9606028236520296,0.0,0.0,17.978069576188016
6,41.017996,28.634142,41.016948,28.636929,256.8019627697504,1.9000000000000057,193.9,13048.0,56.0,1.0484784261782125,0.0,0.0,16.50869760662681
6,41.016948,28.636929,41.014036,28.644543,691.9736257709046,-16.0,195.8,13104.0,108.0,2.680959596772309,0.0,0.0,23.06578752569682
6,41.014036,28.644543,41.014592,28.644445,207.92011811934935,8.899999999999977,179.8,13212.0,45.0,0.8424657340587718,0.0,0.0,16.63360944954795
6,41.014592,28.644445,41.016515,28.645745,223.7490834535747,-8.799999999999983,188.7,13257.0,42.0,0.8813383784300555,0.0,0.0,19.17849286744926
6,41.016515,28.645745,41.02089,28.638733,856.637890207363,17.099999999999994,179.9,13299.0,273.0,3.3809047966922896,0.0,0.0,11.296323826910282
6,41.02089,28.638733,41.020761,28.639067,46.25321449914554,1.1999999999999886,197.0,13572.0,86.0,0.17255036087666473,0.0,0.0,1.9361810720572554
6,41.020761,28.639067,41.020753,28.639082,8.837878633894434,0.0,198.2,13658.0,10.0,0.031232561594656216,0.0,0.0,3.181636308201996
6,41.020753,28.639082,41.02069,28.639002,27.463497486358392,0.0,198.2,13668.0,26.0,0.09367288042712225,0.0,0.0,3.8026381134957776
6,41.02069,28.639002,41.020725,28.639113,40.047864329550066,0.0,198.2,13694.0,30.0,0.16201744753522285,0.0,0.0,4.805743719546008
6,41.020725,28.639113,41.02067,28.639119,10.730044368821837,0.0,198.2,13724.0,31.0,0.06212188636541397,0.0,0.0,1.2460696686373747
6,41.02067,28.639119,41.020667,28.639072,43.782770221867395,0.0,198.2,13755.0,17.0,0.0963967204544191,0.0,0.0,9.27164545874839
6,41.020667,28.639072,41.020336,28.639073,58.12224495641203,-0.5,198.2,13772.0,82.0,0.299281573337899,0.0,0.0,2.5517083151595528
6,41.020336,28.639073,41.020309,28.639073,30.20034665411731,0.0,197.7,13854.0,166.0,0.09586037623267529,0.0,0.0,0.6549472768362791
7,40.141584,26.401125,40.14104,26.402043,101.25504871452326,-1.7000000000000002,8.5,0.0,57.0,0.23770600455956123,2.6000000000000014,-2.4000000000000004,6.395055708285679
7,40.14104,26.402043,40.142915,26.40382,462.05324494259975,-0.7000000000000002,6.8,57.0,297.0,1.06853531802082,22.2,-17.700000000000003,5.600645393243633
7,40.142915,26.40382,40.143313,26.403447,79.83392322272334,3.4000000000000004,6.1,354.0,26.0,0.1781754556942404,4.9,-1.5999999999999992,11.053927830838617
7,40.143313,26.403447,40.147157,26.404995,448.25312317055875,0.0,9.5,380.0,115.0,1.0337349441041939,15.9,-22.000000000000007,14.032271681860971
7,40.147157,26.404995,40.149339,26.403466,308.2681387476839,-2.9000000000000004,9.5,495.0,105.0,0.7085741604202154,10.0,-8.5,10.56919332849202
7,40.149339,26.403466,40.150108,26.402667,98.35420792357013,4.6,6.6,600.0,40.0,0.22872751746952882,7.200000000000001,-3.5000000000000018,8.851878713121312
7,40.150108,26.402667,40.151355,26.402397,260.78317477297924,-10.999999999999998,11.2,640.0,2784.0,0.5507851803264805,12.7,-22.200000000000003,0.33721962255126625
7,40.151355,26.402397,40.14811,26.378277,2527.865177614468,26.099999999999987,0.2,3424.0,1405.0,5.849607336439325,96.9,-155.4,6.477092270044189
7,40.14811,26.378277,40.147379,26.379033,284.3364856217504,-2.0,26.3,4829.0,408.0,0.654649573958846,15.5,-18.9,2.508851343721327
7,40.147379,26.379033,40.147905,26.378431,160.80613592129157,2.0,24.3,5237.0,3328.0,0.36226073888608573,8.0,-2.900000000000002,0.17394894510716635
7,40.147905,26.378431,40.150854,26.377961,317.89025166784904,-18.4,26.3,8565.0,165.0,0.7397502853035328,24.400000000000006,-7.300000000000001,6.935787309116707
7,40.150854,26.377961,40.156044,26.377026,579.7838978201789,-3.6000000000000005,7.9,8730.0,190.0,1.3287521193610228,36.7,-20.0,10.985379116592865
7,40.156044,26.377026,40.158433,26.376076,246.2797591920662,3.3,4.3,8920.0,82.0,0.5679563916090482,10.099999999999994,-7.100000000000001,10.812282110871198
7,40.158433,26.376076,40.159705,26.375526,131.82898803486114,-1.8999999999999995,7.6,9002.0,33.0,0.3002308048515342,7.099999999999994,-3.599999999999998,14.381344149257579
7,40.159705,26.375526,40.16293,26.373515,377.24332355681145,7.3,5.7,9035.0,110.0,0.8684097525712942,12.600000000000001,-9.599999999999998,12.346145134586557
7,40.16293,26.373515,40.164324,26.372706,156.92239083204186,-4.5,13.0,9145.0,34.0,0.3562623350479637,3.0,-4.900000000000002,16.615311970451494
7,40.164324,26.372706,40.168716,26.370942,486.235027361241,16.3,8.5,9179.0,154.0,1.1137567581014294,19.9,-13.2,11.366533107145894
7,40.168716,26.370942,40.172603,26.366411,823.3887161988359,-20.1,24.8,9333.0,147.0,1.8967020783943862,15.000000000000004,-14.700000000000003,20.164621621195984
7,40.172603,26.366411,40.174734,26.365215,218.23869759999525,1.7999999999999998,4.7,9480.0,56.0,0.502902261452672,4.8,-5.7,14.029630559999694
7,40.174734,26.365215,40.176646,26.363512,234.98404614646097,-0.7999999999999998,6.5,9536.0,54.0,0.5380704131995565,5.399999999999999,-5.4,15.665603076430733
7,40.176646,26.363512,40.177515,26.362772,71.90502104793813,0.0,5.7,9590.0,25.0,0.16550604548263206,1.700000000000001,-1.5999999999999996,10.35432303090309
7,40.177515,26.362772,40.178739,26.36175,126.70855124438458,0.5,5.7,9615.0,45.0,0.29101387948744645,4.099999999999999,-3.5,10.136684099550767
7,40.178739,26.36175,40.180536,26.360722,278.7203237098529,-1.0,6.2,9660.0,448.0,0.6392624326118863,8.7,-18.800000000000004,2.239716886954175
7,40.180536,26.360722,40.185117,26.353584,991.7901809873601,17.6,5.2,10108.0,246.0,2.2783320943777254,34.0,-26.299999999999997,14.514002648595515
7,40.185117,26.353584,40.191138,26.357307,749.2986646613408,-15.4,22.8,10354.0,129.0,1.7232088832103407,13.4,0.0,20.910660409153696
7,40.191138,26.357307,40.193377,26.359659,231.3529667594721,2.799999999999999,7.4,10483.0,78.0,0.533129263715054,0.0,0.0,10.677829235052558
7,40.193377,26.359659,40.198704,26.359156,623.4022036851766,-5.199999999999999,10.2,10561.0,149.0,1.4255697780146994,0.0,0.0,15.062066666219033
7,40.198704,26.359156,40.200883,26.356999,271.53032172935673,2.9000000000000004,5.0,10710.0,54.0,0.6276948778432397,0.0,0.0,18.102021448623784
7,40.200883,26.356999,40.204446,26.355204,425.74255886313586,-2.0,7.9,10764.0,97.0,0.9764257047378312,0.0,0.0,15.800754761930815
7,40.204446,26.355204,40.207686,26.355905,328.83739687901834,-0.20000000000000018,5.9,10861.0,74.0,0.7568398949384864,0.0,0.0,15.997494983303596
7,40.207686,26.355905,40.218063,26.36223,1346.080942241695,63.800000000000004,5.7,10935.0,774.0,3.0904199059159123,0.0,0.0,6.260841591821838
7,40.218063,26.36223,40.224465,26.367726,883.7683447752315,-34.2,69.5,11709.0,132.0,2.0313806556778005,0.0,0.0,24.102773039324497
7,40.224465,26.367726,40.226095,26.368068,178.92716352728166,2.700000000000003,35.3,11841.0,44.0,0.4115534342680434,0.0,0.0,14.639495197686683
7,40.226095,26.368068,40.229234,26.368508,349.37270570033616,-4.899999999999999,38.0,11885.0,80.0,0.8021288300502808,0.0,0.0,15.721771756515128
7,40.229234,26.368508,40.244378,26.372356,2166.8347620907643,107.99999999999997,33.1,11965.0,1234.0,4.978609311714592,0.0,0.0,6.321398009340966
7,40.244378,26.372356,40.259392,26.401828,3316.2140438975875,-120.1,141.1,13199.0,854.0,7.6199813385037185,0.0,0.0,13.97935662532941
7,40.259392,26.401828,40.260836,26.403417,376.45814857851656,7.899999999999999,21.0,14053.0,113.0,0.8585862934887254,0.0,0.0,11.993356945864244
7,40.260836,26.403417,40.261558,26.402473,108.67227663559243,-1.5,28.9,14166.0,27.0,0.2557195012669743,0.0,0.0,14.489636884745657
7,40.261558,26.402473,40.263918,26.401049,276.6574995787887,1.1000000000000014,27.4,14193.0,71.0,0.6354230123731212,0.0,0.0,14.02770420399492
7,40.263918,26.401049,40.26515,26.400619,126.58614770145141,-0.8000000000000007,28.5,14264.0,36.0,0.2916701582212045,0.0,0.0,12.65861477014514
7,40.26515,26.400619,40.269727,26.40233,835.086673320191,19.099999999999998,27.7,14300.0,1712.0,1.924275668816681,0.0,0.0,1.7560233784770372
7,40.269727,26.40233,40.265258,26.400532,1032.8302066623182,-19.099999999999998,46.8,16012.0,3660.0,2.366235988434323,0.0,0.0,1.015898563930149
7,40.265258,26.400532,40.263953,26.401009,138.2343330908261,0.8000000000000007,27.7,19672.0,36.0,0.31628241958453474,0.0,0.0,13.823433309082612
7,40.263953,26.401009,40.260858,26.403344,402.33627293408426,0.3999999999999986,28.5,19708.0,89.0,0.9239773493495045,0.0,0.0,16.274276208569702
7,40.260858,26.403344,40.26004,26.404951,157.68111755872815,-3.599999999999998,28.9,19797.0,29.0,0.3591784670667979,0.0,0.0,19.574207696945564
7,40.26004,26.404951,40.260418,26.407453,208.8516532972244,1.0999999999999979,25.3,19826.0,48.0,0.4877354700404587,0.0,0.0,15.663873997291832
7,40.260418,26.407453,40.261003,26.40914,143.2317005082623,-2.299999999999997,26.4,19874.0,43.0,0.3262486595625532,0.0,0.0,11.99149120534289
7,40.261003,26.40914,40.261259,26.410942,409.2502220108545,1.0999999999999979,24.1,19917.0,3225.0,0.9363731665756172,0.0,0.0,0.4568374571283957
7,40.261259,26.410942,40.26042,26.412891,272.250422854293,2.8000000000000007,25.2,23142.0,441.0,0.6290495302130327,0.0,0.0,2.2224524314636165
7,40.26042,26.412891,40.251824,26.419689,1286.7950363321834,-10.100000000000001,28.0,23583.0,266.0,2.953694363258211,0.0,0.0,17.41527116840549
7,40.251824,26.419689,40.248428,26.42342,5.479253400080779,0.10000000000000142,17.9,23849.0,96.0,0.011463876199172883,0.0,0.0,0.20547200250302922
7,40.248428,26.42342,40.244847,26.427622,51.70133279536094,-2.6999999999999993,18.0,23945.0,111.0,0.11705413554235289,0.0,0.0,1.6767999825522468
7,40.244847,26.427622,40.240954,26.433891,4.295644805435586,0.09999999999999964,15.3,24056.0,156.0,0.01430466284279419,0.0,0.0,0.09913026474082122
7,40.240954,26.433891,40.237497,26.436805,4.568053825856623,0.09999999999999964,15.4,24212.0,109.0,0.009868222371884184,0.0,0.0,0.15087150250535636
7,40.237497,26.436805,40.231804,26.431702,713.6450483117187,-9.7,15.5,24321.0,223.0,1.63654407094181,0.0,0.0,11.520727237319226
7,40.231804,26.431702,40.228723,26.424906,662.030359499935,1.7999999999999998,5.8,24544.0,142.0,1.5171847399922733,0.0,0.0,16.783868269012437
7,40.228723,26.424906,40.228185,26.425261,68.03868424064785,0.0,7.6,24686.0,11.0,0.15777016666121804,0.0,0.0,22.267205751484752
7,40.228185,26.425261,40.226846,26.425835,146.28136336262105,-1.2999999999999998,7.6,24697.0,36.0,0.3351821174417894,0.0,0.0,14.628136336262104
7,40.226846,26.425835,40.220872,26.42173,721.2176354585972,5.2,6.3,24733.0,176.0,1.662482757827902,0.0,0.0,14.75217890710767
7,40.220872,26.42173,40.219694,26.416158,436.88497977014777,-2.3000000000000007,11.5,24909.0,99.0,1.0026974317662884,0.0,0.0,15.886726537096283
7,40.219694,26.416158,40.218729,26.411354,390.8631890620891,1.1000000000000014,9.2,25008.0,82.0,0.8968657314086699,0.0,0.0,17.15984732467708
7,40.218729,26.411354,40.218357,26.409651,150.7679053670654,-0.8000000000000007,10.3,25090.0,26.0,0.3452427523844682,0.0,0.0,20.875556127747515
7,40.218357,26.409651,40.217986,26.407992,103.65425926995522,0.40000000000000036,9.5,25116.0,28.0,0.2383272114709217,0.0,0.0,13.326976191851386
7,40.217986,26.407992,40.217309,26.404389,299.1441689919993,-0.09999999999999964,9.9,25144.0,57.0,0.6889207953506752,0.0,0.0,18.8933159363368
7,40.217309,26.404389,40.217299,26.403207,58.17782303995409,-0.3000000000000007,9.8,25201.0,21.0,0.13624278209052754,0.0,0.0,9.97334109256356
7,40.217299,26.403207,40.215471,26.395906,599.9904416368954,2.0,9.5,25222.0,139.0,1.377148122260424,0.0,0.0,15.539320790595852
7,40.215471,26.395906,40.214102,26.389747,539.9583960276359,-3.4000000000000004,11.5,25361.0,98.0,1.2391473624071243,0.0,0.0,19.835206384688668
7,40.214102,26.389747,40.213393,26.38743,151.85187636082992,0.5,8.1,25459.0,39.0,0.34796946952749663,0.0,0.0,14.017096279461224
7,40.213393,26.38743,40.208723,26.379904,757.2709104524365,-2.3999999999999995,8.6,25498.0,147.0,1.737028781248502,0.0,0.0,18.545410051896404
7,40.208723,26.379904,40.203194,26.371686,887.0947453214249,3.1000000000000005,6.2,25645.0,166.0,2.0397331098679503,0.0,0.0,19.238199296127288
7,40.203194,26.371686,40.205399,26.363182,727.2636136461806,-3.4000000000000004,9.3,25811.0,140.0,1.671330900573386,0.0,0.0,18.701064350901785
7,40.205399,26.363182,40.20324,26.356743,587.6093209816972,2.299999999999999,5.9,25951.0,120.0,1.3537957876454454,0.0,0.0,17.62827962945092
7,40.20324,26.356743,40.198867,26.358522,538.1210313969932,-3.1999999999999993,8.2,26071.0,106.0,1.2319232215951252,0.0,0.0,18.275808613482788
7,40.198867,26.358522,40.19395,26.360009,621.6361481255153,5.199999999999999,5.0,26177.0,144.0,1.4275171583973396,0.0,0.0,15.540903703137884
7,40.19395,26.360009,40.189579,26.357514,542.9429434338599,-4.299999999999999,10.2,26321.0,108.0,1.248212053868928,0.0,0.0,18.098098114461997
7,40.189579,26.357514,40.187982,26.358065,153.3483924424072,0.0,5.9,26429.0,37.0,0.35742625034345166,0.0,0.0,14.920384129531513
7,40.187982,26.358065,40.185012,26.359283,333.7933623061617,4.0,5.9,26466.0,75.0,0.7636308398009468,0.0,0.0,16.022081390695764
7,40.185012,26.359283,40.180722,26.360639,500.9673895657543,-4.7,9.9,26541.0,226.0,1.1253957965822794,0.0,0.0,7.980011515206706
7,40.180722,26.360639,40.178936,26.361537,191.51721168764925,1.0,5.2,26767.0,42.0,0.46376365921521506,0.0,0.0,16.415761001798508
7,40.178936,26.361537,40.17774,26.362503,130.34184562474547,-0.5,6.2,26809.0,36.0,0.3013063771776622,0.0,0.0,13.034184562474547
7,40.17774,26.362503,40.176938,26.363171,76.3973838769598,0.0,5.7,26845.0,24.0,0.17549475909465875,0.0,0.0,11.459607581543969
7,40.176938,26.363171,40.174902,26.365026,233.76269013778074,0.7999999999999998,5.7,26869.0,65.0,0.5385478611840195,0.0,0.0,12.94685668455401
7,40.174902,26.365026,40.172917,26.3661,213.07361765584938,-1.7999999999999998,6.5,26934.0,49.0,0.48575968017515153,0.0,0.0,15.654388235939955
7,40.172917,26.3661,40.168705,26.370925,835.4933087923346,20.1,4.7,26983.0,254.0,1.9180732178648772,0.0,0.0,11.841637447450411
7,40.168705,26.370925,40.164694,26.372283,478.636568952963,-16.3,24.8,27237.0,78.0,1.1041533666436134,0.0,0.0,22.09091856705983
7,40.164694,26.372283,40.163024,26.373378,156.86535537528835,4.5,8.5,27315.0,51.0,0.3612638938864998,0.0,0.0,11.072848614726237
7,40.163024,26.373378,40.159943,26.375309,378.8929175328012,-7.3,13.0,27366.0,93.0,0.8693013738962492,0.0,0.0,14.666822614172949
7,40.159943,26.375309,40.158582,26.375967,162.11025415235054,1.8999999999999995,5.7,27459.0,36.0,0.3722010662461336,0.0,0.0,16.211025415235056
7,40.158582,26.375967,40.156474,26.37711,242.71502404600324,-3.3,7.6,27495.0,49.0,0.5563330661441425,0.0,0.0,17.832124215624727
7,40.156474,26.37711,40.151885,26.377368,467.5942452244999,6.2,4.3,27544.0,115.0,1.0739428314824642,0.0,0.0,14.637732893984344
7,40.151885,26.377368,40.151565,26.382317,536.820965738465,-10.799999999999997,10.5,27659.0,373.0,1.2355458475707695,0.0,0.0,5.181113878440949
7,40.151565,26.382317,40.151472,26.387115,308.0158771895731,0.29999999999999893,-0.3,28032.0,96.0,0.7075629368121491,0.0,0.0,11.55059539460899
7,40.151472,26.387115,40.151544,26.388597,58.119947342711384,-0.29999999999999893,0.0,28128.0,32.0,0.1339223978698989,0.0,0.0,6.538494076055031
7,40.151544,26.388597,40.152204,26.391859,223.13509152388724,0.29999999999999893,-0.3,28160.0,74.0,0.5125214248470902,0.0,0.0,10.85522066872965
7,40.152204,26.391859,40.153913,26.396949,3.580421187391039,0.09999999999999964,0.0,28234.0,122.0,0.008863171746566761,0.0,0.0,0.1056517727426864
7,40.153913,26.396949,40.153661,26.402264,3.3626752040654537,0.09999999999999964,0.1,28356.0,116.0,0.00822516620030476,0.0,0.0,0.10435888564341064
7,40.153661,26.402264,40.151687,26.402406,204.97390275105863,0.0,0.2,28472.0,90.0,0.4711023097419655,0.0,0.0,8.198956110042346
7,40.151687,26.402406,40.14741,26.405202,618.5984149485375,9.3,0.2,28562.0,783.0,1.4197449569580503,0.0,0.0,2.844130643441552
7,40.14741,26.405202,40.143453,26.403456,446.37643812180613,0.0,9.5,29345.0,102.0,1.0250683531804194,0.0,0.0,15.754462521946097
7,40.143453,26.403456,40.141327,26.402252,248.68128205308312,-2.7,9.5,29447.0,52.0,0.5668965338576333,0.0,0.0,17.21639644982883
7,40.141327,26.402252,40.14154,26.400986,124.20675409034448,1.7999999999999998,6.8,29499.0,63.0,0.2911258168632803,0.0,0.0,7.097528805162542
